{
    "filters": [
        {
            "cmp": 0,
            "ival": 37,
            "key": "nationality"
        },
        {
            "cmp": 0,
            "ival": 25,
            "key": "preferredposition1"
        },
        {
            "cmp": 5,
            "ival": 90,
            "key": "potential"
        },
        {
            "cmp": 0,
            "ival": 8,
            "key": "birth_month"
        },
        {
            "cmp": 0,
            "ival": 21,
            "key": "birth_day"
        },
        {
            "cmp": 5,
            "ival": 460000,
            "key": "playerid"
        }
    ],
    "name": "RL9 Regen",
    "type": "player"
}
